episode,qmax
1,0.124117411673069
2,0.1410277932882309
3,0.14060690999031067
4,0.1343965083360672
5,0.12849603593349457
6,0.9641534686088562
7,1.1641885042190552
8,1.2890400886535645
9,1.4000918865203857
10,1.5686672925949097
11,1.6687544584274292
12,1.751257061958313
13,1.7830572128295898
14,2.110588788986206
